<?xml version="1.0" encoding="UTF-8" ?>
<!DOCTYPE mapper
PUBLIC "-//mybatis.org//DTD Mapper 3.0//EN"
"http://mybatis.org/dtd/mybatis-3-mapper.dtd">
<!-- 写Sql语句   -->
<mapper namespace="cn.lch.mapper.CuisineMapper">
	
	<sql id="selector">
		select * from cuisine
	</sql>
	<select id="findAllCuisine" resultType="cn.lch.beans.Cuisine">
	<include refid="selector"></include>
	</select>
	<insert id="addCuisine" parameterType="cn.lch.beans.Cuisine">
		insert into cuisine(cname,count) values(#{cname},0)
	</insert>
	<delete id="deleteCuisineByid" parameterType="Integer">	
		delete from cuisine where cid = #{v}
	</delete>
	<update id="updateCuisineCount" parameterType="Integer">
		update cuisine set count = count +1 where cid = #{v}
	</update>
	<update id="subCuisineCount" parameterType="Integer">
		update cuisine set count = count -1 where cid = #{v}
	</update>
</mapper>