<?xml version="1.0" encoding="UTF-8" ?>
<!DOCTYPE mapper
PUBLIC "-//mybatis.org//DTD Mapper 3.0//EN"
"http://mybatis.org/dtd/mybatis-3-mapper.dtd">
<!-- 写Sql语句   -->
<mapper namespace="cn.lch.mapper.CustomerMapper">
	
	<sql id="selector">
		select * from customer
	</sql>
	<select id="findAllC" resultType="cn.lch.beans.Customer" parameterType="String">	
	<include refid="selector"></include>
	<where>
	username = #{v}
	</where>
	</select>
	<insert id="addCustomer" parameterType="cn.lch.beans.Customer">
	insert into customer values(#{username},#{password})
	</insert>
	
</mapper>