<?xml version="1.0" encoding="UTF-8" ?>
<!DOCTYPE mapper
PUBLIC "-//mybatis.org//DTD Mapper 3.0//EN"
"http://mybatis.org/dtd/mybatis-3-mapper.dtd">
<!-- 写Sql语句   -->
<mapper namespace="cn.lch.mapper.DtableMapper">
	
	<sql id="selector">
		select * from dtable
	</sql>
	<select id="findAllTable" resultType="cn.lch.beans.Dtable">
	<include refid="selector"></include>
	</select>
	
	<insert id="addTable" parameterType="cn.lch.beans.Dtable">
		
		insert into dtable values(null,#{tposition},0)
	</insert>
	
	<update id="updateTableState" parameterType="Integer">
		
		update dtable set tusing =1 where tid =#{v}
	</update> 
	<select id="findByTid" parameterType="Integer" resultType="cn.lch.beans.Dtable">
		<include refid="selector">
		</include>
		<where>
			tid = #{v}
		</where>
	</select>
	<select id="findByActionTable" resultType="cn.lch.beans.Dtable">
		<include refid="selector"></include>
		<where>
			tusing =  0 
		</where>
	</select>
	<update id="updateUsing" parameterType="Integer">	
		update dtable set tusing =0 where tid =#{v}
	</update> 
</mapper>