<?xml version="1.0" encoding="UTF-8" ?>
<!DOCTYPE mapper
PUBLIC "-//mybatis.org//DTD Mapper 3.0//EN"
"http://mybatis.org/dtd/mybatis-3-mapper.dtd">
<!-- 写Sql语句   -->
<mapper namespace="cn.lch.mapper.MenuMapper">
	
	<sql id="selector">
		select * from menu
	</sql>
	<select id="findAllMenu" resultType="cn.lch.beans.Menu">
	<include refid="selector"></include>
	</select>
	
	<select id="findByIdMenu" parameterType="Integer" resultType="cn.lch.beans.Menu">
		<include refid="selector"></include>
		<where>
			mid =#{v}
		</where>
	</select>
	<delete id="deleteMenuById" parameterType="Integer">
		delete from menu where mid = #{v}
	</delete>
	<insert id="addMenu" parameterType="cn.lch.beans.Menu" useGeneratedKeys="true" keyProperty="mid">
		insert into menu values(null,#{mname},#{cuisine},#{price},#{state},#{addtime},#{heat})
	</insert>
	<delete id="deleteByCid" parameterType="Integer">
		delete from menu where cuisine = #{v}
	</delete>
	<select id="findByAllVmenu" resultType="cn.lch.beans.MenuVo">
		SELECT * from ve_menu
	</select>
	<update id="updateMenuName" parameterType="cn.lch.beans.Menu">
		update menu set mname = #{mname},price = #{price}
		where mid = #{mid}
	</update>
	<update id="updateState" parameterType="cn.lch.beans.Menu">
		update menu set state = #{state} where mid =#{mid}
	</update>
	<select id="findByIdMenuVo" parameterType="Integer" resultType="cn.lch.beans.MenuVo">
		SELECT * from ve_menu
		<where>
			mid =#{v}
		</where>
	</select>
	<select id="findByAllVmenuS" resultType="cn.lch.beans.MenuVo">
		SELECT * from ve_menu where state =0
	</select>
	<update id="addHeat" parameterType="cn.lch.beans.Menu">
		
		update menu set heat = #{heat} where mid = #{mid}
	</update>
</mapper>