<?xml version="1.0" encoding="UTF-8" ?>
<!DOCTYPE mapper
PUBLIC "-//mybatis.org//DTD Mapper 3.0//EN"
"http://mybatis.org/dtd/mybatis-3-mapper.dtd">
<!-- 写Sql语句   -->
<mapper namespace="cn.lch.mapper.MerchantMapper">
	
	<sql id="selector">
		select * from merchant
	</sql>
	<select id="findAllM" resultType="cn.lch.beans.Merchant"  parameterType="String">	
	<include refid="selector"></include>
	<where>
	username = #{v}
	</where>
	</select>
	<insert id="addMerchant" parameterType="cn.lch.beans.Merchant">
	insert into merchant(username ,  password) values(#{username},#{password})
	
	</insert>
	
</mapper>