<?xml version="1.0" encoding="UTF-8" ?>
<!DOCTYPE mapper
PUBLIC "-//mybatis.org//DTD Mapper 3.0//EN"
"http://mybatis.org/dtd/mybatis-3-mapper.dtd">
<!-- 写Sql语句   -->
<mapper namespace="cn.lch.mapper.OrderTMapper">
	
	<sql id="selector">
		select * from ordertable
	</sql>
	<sql id="selector1">
		select *from ve_order
	</sql>
	
	<select id="findOrder" resultType="cn.lch.beans.Ordertable">
	<include refid="selector"></include>
	</select>
	
	<insert id="addOrder" parameterType="cn.lch.beans.Ordertable" >
		insert into ordertable values(null,#{vid},#{tid},#{totalprice},0,#{gtime})
	</insert>
	<select id="findOrderAll" parameterType="cn.lch.beans.OrdertableVo" resultType="cn.lch.beans.Ordertable">
		<include refid="selector"></include>
		<where>
			<if test="tid!=null and tid!=''">
				and tid = #{tid}
			</if>
			<if test="btime!=null and btime!=''">
				and <![CDATA[gtime >=#{btime} ]]>   
			</if>
			<if test="etime!=null and etime!=''">
				and <![CDATA[gtime <=#{etime} ]]>  
			</if>
			<if test="paymentstate == 0">
				and paymentstate = 0
			</if>
			<if test="paymentstate == 1">
				and paymentstate = 1
			</if>
		</where>
	</select>
	<select id="findByOid" parameterType="Integer" resultType="cn.lch.beans.Ordertable">
	<include refid="selector"></include>
	<where>
	oid = #{v}
	</where>
	</select>
	<update id="updateOrder" parameterType="Integer">
	update ordertable set paymentstate =1 where oid = #{v}
	</update>
	
	<select id="findTotalPrice" resultType="cn.lch.beans.CharMode">
		select * from char_time 
	</select>
		<select id="findTotalPriceByOne" parameterType="String" resultType="cn.lch.beans.CharMode">
		select * from char_time where  gtime = #{v}
	</select>
	
	
</mapper>