<?xml version="1.0" encoding="UTF-8" ?>
<!DOCTYPE mapper
PUBLIC "-//mybatis.org//DTD Mapper 3.0//EN"
"http://mybatis.org/dtd/mybatis-3-mapper.dtd">
<!-- 写Sql语句   -->
<mapper namespace="cn.lch.mapper.VipMapper">
	
	<sql id="selector">
		select * from vip
	</sql>
	
	<select id="findVip" resultType="cn.lch.beans.Vip">
	<include refid="selector"></include>
	where version =1 
	</select>
	
	<insert id="addVip" parameterType="cn.lch.beans.Vip">
	insert into vip values(null,#{vname},#{vsex},#{vphone},#{opentime},#{usecount},#{balance},1)
	</insert>
	
	<select id="findByNameAndPhone" parameterType="cn.lch.beans.Vip" resultType="cn.lch.beans.Vip">
		<include refid="selector"></include>
		<where>
			vname = #{vname} and vphone =#{vphone} and version =1 
		</where>
	</select>
	<update id="adduseCount" parameterType="cn.lch.beans.Vip">
		update vip set usecount = #{usecount} where vid = #{vid}
	</update>
	<delete id="deleteVip" parameterType="Integer">
		update vip set version = 0 where vid = #{v}
	</delete>
	<select id="findByVid" parameterType="Integer" resultType="cn.lch.beans.Vip">
		<include refid="selector"></include>
		<where>
			vid=#{v} and version =1 
		</where>
	</select>
	<update id="setBalance" parameterType="cn.lch.beans.Vip">
		update vip set balance = #{balance} where vid = #{vid} and version =1
	</update>
	<select id="findByVidN" parameterType="Integer" resultType="cn.lch.beans.Vip">
		<include refid="selector"></include>
		<where>
			vid=#{v} 
		</where>
	</select>
	<update id="setBa" parameterType="Integer">
		update vip set balance = balance+100 where vid = #{v} 
	</update>
</mapper>